{"cameraMode":{"drawMode":0,"name":"Shaded","section":"Shading Mode"},"sceneLighting":true,"audioPlay":false,"sceneViewState":{"showFog":true,"showMaterialUpdate":false,"showSkybox":true,"showFlares":true,"showImageEffects":true,"showParticleSystems":true},"in2DMode":false,"pivot":{"x":-0.4591987729072571,"y":-1.2851738929748536,"z":2.077281951904297},"rotation":{"x":0.2653622031211853,"y":-0.09755679219961167,"z":0.027002934366464616,"w":0.9588239192962647},"size":2092.30078125,"orthographic":true}